schoolLabel,locationSchoolLabel,countrySchoolLabel
Central Saint Martins,London,United Kingdom
Ravensbourne University London,London,United Kingdom
Blackheath High School,Blackheath,United Kingdom
"Goldsmiths, University of London",London,United Kingdom
Georgetown University,Georgetown,United States
University of Milan,Milan,Italy
"University of California, Los Angeles",Los Angeles,United States
The Costello School,Basingstoke,United Kingdom
Queen Mary's College,Basingstoke,United Kingdom
TU Braunschweig,Brunswick,Germany
Central Saint Martins,London,United Kingdom
Michigan State University,East Lansing,United States
University of Milan,Milan,Italy
University of Westminster,London,United Kingdom
Central Saint Martins,London,United Kingdom
Royal College of Art,London,United Kingdom
Royal College of Art,Battersea,United Kingdom
Royal College of Art,South Kensington,United Kingdom
Wellington College,Crowthorne,United Kingdom
Francis Holland School,London,United Kingdom
Heathfield School,Ascot,United Kingdom
Central Saint Martins,London,United Kingdom
Ricards Lodge High School,Wimbledon,United Kingdom
Central Saint Martins,London,United Kingdom
Rokeby School,London,United Kingdom
Riddlesdown Collegiate,Purley,United Kingdom
London School of Economics and Political Science,London,United Kingdom
Convent of the Sacred Heart,"James A. Burden, Jr. House and Otto H. Kahn House",United States
George Washington University,Foxhall,United States
George Washington University,Foggy Bottom,United States
Pipers Corner School,High Wycombe,United Kingdom
Royal Ballet School,London,United Kingdom
Peoples' Friendship University of Russia,Moscow,Russia
Peoples' Friendship University of Russia,Sochi,Russia
Bexhill College,Bexhill-on-Sea,United Kingdom
Academie voor Beeldende Kunsten Sint-Joost,Breda,Kingdom of the Netherlands
Royal College of Art,London,United Kingdom
Royal College of Art,Battersea,United Kingdom
Royal College of Art,South Kensington,United Kingdom
Michael Hall School,Forest Row,United Kingdom
Putney High School,London,United Kingdom
Haliç University,Istanbul,Turkey
Gerrit Rietveld Academie,Amsterdam-Zuid,Netherlands
Gerrit Rietveld Academie,Amsterdam-Zuid,Netherlands
Edinburgh College of Art,Edinburgh,United Kingdom
Central Saint Martins,London,United Kingdom
City of Sunderland College,Sunderland,United Kingdom
Higher Institute for Fine Arts,Ghent,Belgium
Bredero Mavo,Amsterdam,Netherlands
Central Saint Martins,London,United Kingdom
Gerrit Rietveld Academie,Amsterdam-Zuid,Netherlands
European Ceramics Work Center,Koninklijke Verenigde Leder BV,Netherlands
European Ceramics Work Center,Koninklijke Verenigde Leder BV,Netherlands
European Ceramics Work Center,Koninklijke Verenigde Leder BV,Netherlands
Hong Kong Polytechnic University,Kowloon City District,People's Republic of China
Hong Kong Polytechnic University,Yau Tsim Mong District,People's Republic of China
Hong Kong Polytechnic University,Kowloon City District,British Hong Kong
Hong Kong Polytechnic University,Yau Tsim Mong District,British Hong Kong
Central Saint Martins,London,United Kingdom
Loreto College,Hulme,United Kingdom
Wheeler School,Providence,United States
"University of California, Los Angeles",Los Angeles,United States
Westholme School,Blackburn,United Kingdom
Lycee Francais Charles de Gaulle,London,United Kingdom
Italia Conti Academy of Theatre Arts,London,United Kingdom
Hampstead School,Hampstead,United Kingdom
George Washington University,Foxhall,United States
George Washington University,Foggy Bottom,United States
Art Institute of Philadelphia,WCAU Studios,United States
City University of New York,New York City,United States
Philadelphia University,East Falls,United States
Central Saint Martins,London,United Kingdom
Wilson's School,Wallington,United Kingdom
Emily Carr University of Art and Design,Great Northern Way Campus,Canada
Moscow State Textile University,Moscow,Russia
Moscow State Textile University,Moscow,Soviet Union
Adcote School for Girls,Shrewsbury,United Kingdom
Adcote School for Girls,Little Ness,United Kingdom
Heathfield School,Ascot,United Kingdom
Central Saint Martins,London,United Kingdom
Manchester Metropolitan University,Manchester,United Kingdom
Withington Girls' School,Fallowfield,United Kingdom
University of Westminster,London,United Kingdom
Royal College of Art,London,United Kingdom
Royal College of Art,Battersea,United Kingdom
Royal College of Art,South Kensington,United Kingdom
University of Bologna,Imola,Italy
University of Bologna,Buenos Aires,Italy
University of Bologna,Forlì,Italy
University of Bologna,Cesenatico,Italy
University of Bologna,Faenza,Italy
University of Bologna,Cesena,Italy
University of Bologna,Ravenna,Italy
University of Bologna,Fano,Italy
University of Bologna,Rimini,Italy
University of Bologna,Ozzano dell'Emilia,Italy
Royal College of Art,London,United Kingdom
Royal College of Art,Battersea,United Kingdom
Royal College of Art,South Kensington,United Kingdom
Putney High School,London,United Kingdom
Royal College of Art,London,United Kingdom
Royal College of Art,Battersea,United Kingdom
Royal College of Art,South Kensington,United Kingdom
Elphinstone College,Fort,India
University of the Arts London,London,United Kingdom
Bury Grammar School,Bury,United Kingdom
Oakhill College,Whalley,United Kingdom
St. Petersburg University of the Russian Interior Ministry,Saint Petersburg,Russia
St. Petersburg University of the Russian Interior Ministry,Saint Petersburg,Soviet Union
St. Petersburg University of the Russian Interior Ministry,Saint Petersburg,Russian Empire
Central Saint Martins,London,United Kingdom
Central Saint Martins,London,United Kingdom
Princeton University,Princeton,United States
School of the Art Institute of Chicago,Chicago,United States
Sapienza University of Rome,Gaeta,Italy
Sapienza University of Rome,Guidonia Montecelio,Italy
Sapienza University of Rome,Isernia,Italy
Sapienza University of Rome,Pomezia,Italy
Sapienza University of Rome,Viterbo,Italy
Sapienza University of Rome,Nettuno,Italy
Sapienza University of Rome,Frosinone,Italy
Sapienza University of Rome,Cassino,Italy
Sapienza University of Rome,Cisterna di Latina,Italy
Sapienza University of Rome,Malindi,Italy
Sapienza University of Rome,Buenos Aires,Italy
Sapienza University of Rome,Ariccia,Italy
Sapienza University of Rome,Colleferro,Italy
Sapienza University of Rome,Sora,Italy
Sapienza University of Rome,Civitavecchia,Italy
Sapienza University of Rome,Latina,Italy
Sapienza University of Rome,Bracciano,Italy
Sapienza University of Rome,Terracina,Italy
Sapienza University of Rome,Pozzilli,Italy
Sapienza University of Rome,Rieti,Italy
"Columbia Graduate School of Architecture, Planning and Preservation",Avery Hall,United States
Académie Julian,Paris,France
University of Cambridge,Cambridge,United Kingdom
Peoples' Friendship University of Russia,Moscow,Russia
Peoples' Friendship University of Russia,Sochi,Russia
Lund University,Lund,Sweden
University of Gothenburg,Gothenburg,Sweden
Central Saint Martins,London,United Kingdom
Highgate School,London,United Kingdom
Heathfield School,Ascot,United Kingdom
Barnsley College,Barnsley,United Kingdom
Stocksbridge High School,Stocksbridge,United Kingdom
Liverpool College,Mossley Hill,United Kingdom
University of Guadalajara,Jalisco,Mexico
University of Guadalajara,Guadalajara,Mexico
Hood College,Frederick,United States
IFM Paris,Cité de la mode et du design,France
École normale supérieure de jeunes filles,Ancienne manufacture royale de Porcelaine,France
Kingston University,Kingston upon Thames,United Kingdom
University of Massachusetts Boston,Columbia Point,United States
Queen's Gate School,London,United Kingdom
Central Saint Martins,London,United Kingdom
Highgate Wood Secondary School,Crouch End,United Kingdom
Highgate Wood Secondary School,London,United Kingdom
Barnet and Southgate College,Barnet,United Kingdom
Art Center College of Design,United States,United States
Art Center College of Design,Pasadena,United States
Royal College of Art,London,United Kingdom
Royal College of Art,Battersea,United Kingdom
Royal College of Art,South Kensington,United Kingdom
University of Brighton,Brighton,United Kingdom
Cyfarthfa High School,Merthyr Tydfil,United Kingdom
Central Saint Martins,London,United Kingdom
Central Saint Martins,London,United Kingdom
Charles University,Prague,Czech Republic
"Academy of Fine Arts, Prague",Prague,Czech Republic
University of Westminster,London,United Kingdom
Royal College of Art,London,United Kingdom
Royal College of Art,Battersea,United Kingdom
Royal College of Art,South Kensington,United Kingdom
City of London School for Girls,Barbican Estate,United Kingdom
Eton College,Eton,United Kingdom
Central Saint Martins,London,United Kingdom
Glasgow School of Art,Glasgow,United Kingdom
Emory University,Druid Hills,United States
Rhode Island School of Design,Providence,United States
Fitzjohn's Primary School,London,United Kingdom
Fitzjohn's Primary School,Hampstead,United Kingdom
Sylvia Young Theatre School,London,United Kingdom
Parliament Hill School,London,United Kingdom
American College of Greece,Agia Paraskevi,Greece
Georgetown University,Georgetown,United States
Baku State University,Azerbaijan,Azerbaijan
Central Saint Martins,London,United Kingdom
Guildford High School,Guildford,United Kingdom
Rhode Island School of Design,Providence,United States
Sapienza University of Rome,Gaeta,Italy
Sapienza University of Rome,Guidonia Montecelio,Italy
Sapienza University of Rome,Isernia,Italy
Sapienza University of Rome,Pomezia,Italy
Sapienza University of Rome,Viterbo,Italy
Sapienza University of Rome,Nettuno,Italy
Sapienza University of Rome,Frosinone,Italy
Sapienza University of Rome,Cassino,Italy
Sapienza University of Rome,Cisterna di Latina,Italy
Sapienza University of Rome,Malindi,Italy
Sapienza University of Rome,Buenos Aires,Italy
Sapienza University of Rome,Ariccia,Italy
Sapienza University of Rome,Colleferro,Italy
Sapienza University of Rome,Sora,Italy
Sapienza University of Rome,Civitavecchia,Italy
Sapienza University of Rome,Latina,Italy
Sapienza University of Rome,Bracciano,Italy
Sapienza University of Rome,Terracina,Italy
Sapienza University of Rome,Pozzilli,Italy
Sapienza University of Rome,Rieti,Italy
Central Saint Martins,London,United Kingdom
Yaba College of Technology,Lagos State,Nigeria
Lycee Francais Charles de Gaulle,London,United Kingdom
Rhode Island School of Design,Providence,United States
Central Saint Martins,London,United Kingdom
Central Saint Martins,London,United Kingdom
Emanuel School,London,United Kingdom
"Goldsmiths, University of London",London,United Kingdom
Henderson High School,Auckland,New Zealand
Henderson High School,Henderson,New Zealand
Cornell University,Ithaca,United States
South Essex College,Southend-on-Sea,United Kingdom
University College London,Bloomsbury,United Kingdom
University College London,Stratford,United Kingdom
University College London,London,United Kingdom
King's College London,London,United Kingdom
The Manchester Grammar School,Manchester,United Kingdom
University of the Arts London,London,United Kingdom
Sandbach School,Sandbach,United Kingdom
University of the Arts London,London,United Kingdom
Hafodunos,Llangernyw,United Kingdom
Central Saint Martins,London,United Kingdom
Hong Kong Polytechnic University,Kowloon City District,People's Republic of China
Hong Kong Polytechnic University,Yau Tsim Mong District,People's Republic of China
Hong Kong Polytechnic University,Kowloon City District,British Hong Kong
Hong Kong Polytechnic University,Yau Tsim Mong District,British Hong Kong
Hong Kong Polytechnic University,Kowloon City District,People's Republic of China
Hong Kong Polytechnic University,Yau Tsim Mong District,People's Republic of China
Hong Kong Polytechnic University,Kowloon City District,British Hong Kong
Hong Kong Polytechnic University,Yau Tsim Mong District,British Hong Kong
Central Saint Martins,London,United Kingdom
University of Washington School of Art + Art History + Design,Art Building,United States
University of Washington School of Art + Art History + Design,Ceramic and Metal Arts Building,United States
Saint Andrews International High School,Blantyre,Malawi
Michigan State University,East Lansing,United States
Central Saint Martins,London,United Kingdom
The American University in Cairo,New Cairo,Egypt
University of Bristol,Bristol,United Kingdom
Gerrit Rietveld Academie,Amsterdam-Zuid,Netherlands
Cooper Union,Cooper Union Foundation Building,United States
Central Saint Martins,London,United Kingdom
Duke University,Duke University campus,United States
The New School,Greenwich Village,United States
Willem de Kooning Academy,Blaak 10,Netherlands
Royal College of Art,London,United Kingdom
Royal College of Art,Battersea,United Kingdom
Royal College of Art,South Kensington,United Kingdom
National Cathedral School,Northwest,United States
Central Saint Martins,London,United Kingdom
Konstfack,Gärdet,Sweden
Konstfack,Stockholm,Sweden
Konstfack,Midsommarkransen,Sweden
Danish Design School,Fabrikmestervej 10,Denmark
Central Saint Martins,London,United Kingdom
Konstfack,Gärdet,Sweden
Konstfack,Stockholm,Sweden
Konstfack,Midsommarkransen,Sweden
Konstfack,Gärdet,Sweden
Konstfack,Stockholm,Sweden
Konstfack,Midsommarkransen,Sweden
Sheffield Hallam University,Sheffield,United Kingdom
Ravensbourne University London,London,United Kingdom
Konstfack,Gärdet,Sweden
Konstfack,Stockholm,Sweden
Konstfack,Midsommarkransen,Sweden
University of Westminster,London,United Kingdom
Harrow School,Harrow on the Hill,United Kingdom
Royal College of Art,London,United Kingdom
Royal College of Art,Battersea,United Kingdom
Royal College of Art,South Kensington,United Kingdom
City of London Academy Highbury Grove,London,United Kingdom
Central Saint Martins,London,United Kingdom
Harrow School,Harrow on the Hill,United Kingdom
Courtauld Institute of Art,London,United Kingdom
Central Saint Martins,London,United Kingdom
Central Saint Martins,London,United Kingdom
Royal College of Art,London,United Kingdom
Royal College of Art,Battersea,United Kingdom
Royal College of Art,South Kensington,United Kingdom
Central Saint Martins,London,United Kingdom
Northwestern University,Evanston,United States
King Edward VI Grammar School,Louth,United Kingdom
School of the Art Institute of Chicago,Chicago,United States
Royal College of Art,London,United Kingdom
Royal College of Art,Battersea,United Kingdom
Royal College of Art,South Kensington,United Kingdom
Eton College,Eton,United Kingdom
Central Saint Martins,London,United Kingdom
Manchester Metropolitan University,Manchester,United Kingdom
Royal College of Art,London,United Kingdom
Royal College of Art,Battersea,United Kingdom
Royal College of Art,South Kensington,United Kingdom
St Paul's School,Barnes,United Kingdom
Central Saint Martins,London,United Kingdom
Rhode Island School of Design,Providence,United States
Virginia Commonwealth University,Monroe Park Campus,United States
Moscow State University,Ramenki District,Russia
Moscow State University,Ramenki District,Russian Empire
Moscow State University,Ramenki District,Soviet Union
Moscow Art Theatre School,Moscow,Russia
Moscow Art Theatre School,Moscow,Soviet Union
Duncan of Jordanstone College of Art and Design,Dundee,United Kingdom
Moscow State Linguistic University,Moscow,Russian Empire
Moscow State Linguistic University,Moscow,Russia
Moscow State Linguistic University,Moscow,Soviet Union
Royal Central School of Speech and Drama,Swiss Cottage,United Kingdom
Moscow State Textile University,Moscow,Russia
Moscow State Textile University,Moscow,Soviet Union
Russian State University of Design and Applied Arts (Stroganov University),Moscow,Russian Empire
Russian State University of Design and Applied Arts (Stroganov University),Moscow,Russia
Russian State University of Design and Applied Arts (Stroganov University),Moscow,Soviet Union
Taras Shevchenko National University of Kyiv,Kyiv,Ukraine
Taras Shevchenko National University of Kyiv,Kyiv,Russian Empire
Taras Shevchenko National University of Kyiv,Kyiv,Soviet Union
Cornell University,Ithaca,United States
Cranleigh School,Cranleigh,United Kingdom
Jadavpur University,Jadavpur,India
Rhode Island School of Design,Providence,United States
Cheltenham Ladies' College,Cheltenham,United Kingdom
University of Massachusetts Boston,Columbia Point,United States
New Hall School,Boreham,United Kingdom
Queen's College London,London,United Kingdom
John F. Kennedy School of Government,Massachusetts,United States
John F. Kennedy School of Government,Cambridge,United States
University of Leeds,University of Leeds Campus,United Kingdom
Royal College of Art,London,United Kingdom
Royal College of Art,Battersea,United Kingdom
Royal College of Art,South Kensington,United Kingdom
Duke University,Duke University campus,United States
Moscow State Textile University,Moscow,Russia
Moscow State Textile University,Moscow,Soviet Union
European Ceramics Work Center,Koninklijke Verenigde Leder BV,Netherlands
Gerrit Rietveld Academie,Amsterdam-Zuid,Netherlands
Willem de Kooning Academy,Blaak 10,Netherlands
Gerrit Rietveld Academie,Amsterdam-Zuid,Netherlands
University of the Balearic Islands,Campus de la UIB,Spain
Utrecht School of the Arts,Utrecht,Netherlands
Gerrit Rietveld Academie,Amsterdam-Zuid,Netherlands
Willem de Kooning Academy,Blaak 10,Netherlands
Utrecht School of the Arts,Utrecht,Netherlands
Gerrit Rietveld Academie,Amsterdam-Zuid,Netherlands
Gerrit Rietveld Academie,Amsterdam-Zuid,Netherlands
Gerrit Rietveld Academie,Amsterdam-Zuid,Netherlands
Gerrit Rietveld Academie,Amsterdam-Zuid,Netherlands
Gerrit Rietveld Academie,Amsterdam-Zuid,Netherlands
IFM Paris,Cité de la mode et du design,France
Willem de Kooning Academy,Blaak 10,Netherlands
Gerrit Rietveld Academie,Amsterdam-Zuid,Netherlands
Maria Curie-Skłodowska University,Lublin,Poland
Royal Academy of Arts,Piccadilly,United Kingdom
Danish Design School,Fabrikmestervej 10,Denmark
University of Copenhagen,Copenhagen,Denmark
Danish Design School,Fabrikmestervej 10,Denmark
Vytautas Magnus University,Kaunas,Lithuania
University of Bucharest,Bucharest,Romania
Vitebsk State Technological University,Vitebsk,Belarus
American InterContinental University,Schaumburg,United States
Moscow State Textile University,Moscow,Russia
Moscow State Textile University,Moscow,Soviet Union
Hochschule für bildende Künste Hamburg,Uhlenhorst,Germany
Valentines High School,Ilford,United Kingdom
University of Minnesota,Saint Paul,United States
University of Minnesota,Minneapolis,United States
Gerrit Rietveld Academie,Amsterdam-Zuid,Netherlands
European Ceramics Work Center,Koninklijke Verenigde Leder BV,Netherlands
European Ceramics Work Center,Koninklijke Verenigde Leder BV,Netherlands
Gerrit Rietveld Academie,Amsterdam-Zuid,Netherlands
Konstfack,Gärdet,Sweden
Konstfack,Stockholm,Sweden
Konstfack,Midsommarkransen,Sweden
Gerrit Rietveld Academie,Amsterdam-Zuid,Netherlands
European Ceramics Work Center,Koninklijke Verenigde Leder BV,Netherlands
European Ceramics Work Center,Koninklijke Verenigde Leder BV,Netherlands
University of Havana,Havana,Cuba
Rhode Island School of Design,Providence,United States
Royal Danish Academy of Fine Arts,Charlottenborg Palace,Denmark
Royal College of Art,London,United Kingdom
Royal College of Art,Battersea,United Kingdom
Royal College of Art,South Kensington,United Kingdom
Ravensbourne University London,London,United Kingdom
Danish Design School,Fabrikmestervej 10,Denmark
Central Saint Martins,London,United Kingdom
University College London,Bloomsbury,United Kingdom
University College London,Stratford,United Kingdom
University College London,London,United Kingdom
Hall Cross Academy,Doncaster,United Kingdom
University of Applied Arts Vienna,Vienna,Austria
New Plymouth Girls' High School,New Plymouth,New Zealand
Coventry University,Coventry,United Kingdom
University of Leicester,Leicester,United Kingdom
University of Belgrade,Belgrade,Serbia
University of Belgrade,Belgrade,Serbia
University of London,London,United Kingdom
Central Saint Martins,London,United Kingdom
University of Bucharest,Bucharest,Romania
Central Saint Martins,London,United Kingdom
Newcastle University,Newcastle upon Tyne,United Kingdom
Central Saint Martins,London,United Kingdom
Graveney School,Tooting,United Kingdom
Académie des beaux-arts,Paris,France
Alexander Sinton Secondary School,Crawford,South Africa
Ipswich High School,Ipswich,United Kingdom
University of Westminster,London,United Kingdom
Royal College of Art,London,United Kingdom
Royal College of Art,Battersea,United Kingdom
Royal College of Art,South Kensington,United Kingdom
Royal College of Art,London,United Kingdom
Royal College of Art,Battersea,United Kingdom
Royal College of Art,South Kensington,United Kingdom
University of Calabar,Cross River State,Nigeria
Kingston University,Kingston upon Thames,United Kingdom
Tokyo Mode Gakuen,Mode Gakuen Cocoon Tower,Japan
Moscow State Textile University,Moscow,Russia
Moscow State Textile University,Moscow,Soviet Union
Westlake Girls High School,Takapuna,New Zealand
Westlake Girls High School,Auckland,New Zealand
Central Saint Martins,London,United Kingdom
Gerrit Rietveld Academie,Amsterdam-Zuid,Netherlands
University Practice Senior High  School,Central Region,Ghana
University of the Arts London,London,United Kingdom
University of Applied Arts Vienna,Vienna,Austria
De Montfort University,Leicester,United Kingdom
Gerrit Rietveld Academie,Amsterdam-Zuid,Netherlands
Central Saint Martins,London,United Kingdom
Moscow State Textile University,Moscow,Russia
Moscow State Textile University,Moscow,Soviet Union
Bowen University,Iwo,Nigeria
Central Saint Martins,London,United Kingdom
New York Film Academy,New York City,United States
Croydon College,Croydon,United Kingdom
Gerrit Rietveld Academie,Amsterdam-Zuid,Netherlands
European Ceramics Work Center,Koninklijke Verenigde Leder BV,Netherlands
University of Chicago,Chicago,United States
Central Saint Martins,London,United Kingdom
Forest Hill Collegiate Institute,Forest Hill,Canada
Camberwell College of Arts,London,United Kingdom
"University of California, Los Angeles",Los Angeles,United States
Central Saint Martins,London,United Kingdom
Juilliard School,Manhattan,United States
University of Exeter,St Luke's Campus,United Kingdom
University of Exeter,Streatham Campus,United Kingdom
University of Exeter,"University of Exeter, Cornwall Campus",United Kingdom
Central Saint Martins,London,United Kingdom
Central Saint Martins,London,United Kingdom
Central Saint Martins,London,United Kingdom
University of Leeds,University of Leeds Campus,United Kingdom
University College London,Bloomsbury,United Kingdom
University College London,Stratford,United Kingdom
University College London,London,United Kingdom
Atlantic Hall,Lagos State,Nigeria
Arts University Bournemouth,Poole,United Kingdom
Royal College of Art,London,United Kingdom
Royal College of Art,Battersea,United Kingdom
Royal College of Art,South Kensington,United Kingdom
Edinburgh College of Art,Edinburgh,United Kingdom
Leith Academy,Edinburgh,United Kingdom
Rhode Island School of Design,Providence,United States
Bowen University,Iwo,Nigeria
Royal Ballet School,London,United Kingdom
University of Tampa,Tampa,United States
Central Saint Martins,London,United Kingdom
University of Birmingham,Birmingham,United Kingdom
University of Birmingham,West Midlands,United Kingdom
University of Birmingham,Edgbaston,United Kingdom
Central Saint Martins,London,United Kingdom
Barnard Castle School,Barnard Castle,United Kingdom
Royal Central School of Speech and Drama,Swiss Cottage,United Kingdom
Royal College of Art,London,United Kingdom
Royal College of Art,Battersea,United Kingdom
Royal College of Art,South Kensington,United Kingdom
Dartford Grammar School,Dartford,United Kingdom
University of York,York,United Kingdom
Brighton Girls,Brighton,United Kingdom
Hong Kong Polytechnic University,Kowloon City District,People's Republic of China
Hong Kong Polytechnic University,Yau Tsim Mong District,People's Republic of China
Hong Kong Polytechnic University,Kowloon City District,British Hong Kong
Hong Kong Polytechnic University,Yau Tsim Mong District,British Hong Kong
Stockholm School of Economics,Vasastaden,Sweden
School of the Art Institute of Chicago,Chicago,United States
De Montfort University,Leicester,United Kingdom
Kendrick School,Reading,United Kingdom
Bryanston School,Blandford Forum,United Kingdom
Camberwell College of Arts,London,United Kingdom
St Dunstan's College,Catford,United Kingdom
"University of California, Los Angeles",Los Angeles,United States
King's College London,London,United Kingdom
AMD Academy of Fashion and Design,Rotherbaum,Germany
Willem de Kooning Academy,Blaak 10,Netherlands
Utrecht School of the Arts,Utrecht,Netherlands
Massey University,Fitzherbert,New Zealand
Central Saint Martins,London,United Kingdom
University of Leeds,University of Leeds Campus,United Kingdom
Loreto College,Hulme,United Kingdom
St Antony's Catholic College,Urmston,United Kingdom
Royal College of Art,London,United Kingdom
Royal College of Art,Battersea,United Kingdom
Royal College of Art,South Kensington,United Kingdom
Central Saint Martins,London,United Kingdom
Central Saint Martins,London,United Kingdom
La Cambre - Ter Kameren,south extension of Brussels,Belgium
La Cambre - Ter Kameren,eastern part of Ixelles,Belgium
Massey University,Fitzherbert,New Zealand
Ahmadu Bello University,Zaria,Nigeria
IFM Paris,Cité de la mode et du design,France
Utrecht School of the Arts,Utrecht,Netherlands
Utrecht School of the Arts,Utrecht,Netherlands
Gerrit Rietveld Academie,Amsterdam-Zuid,Netherlands
East Stroudsburg University of Pennsylvania,East Stroudsburg,United States
Liverpool College of Art,68 Hope Street (Now Part Of Liverpool John Moores University),United Kingdom
Epsom Girls' Grammar School,Epsom,New Zealand
Rhode Island School of Design,Providence,United States
Massey University,Fitzherbert,New Zealand
Heriot-Watt University,Edinburgh,United Kingdom
University of Brighton,Brighton,United Kingdom
Tonbridge School,Tonbridge,United Kingdom
Royal College of Art,London,United Kingdom
Royal College of Art,Battersea,United Kingdom
Royal College of Art,South Kensington,United Kingdom
Convent of the Sacred Heart,"James A. Burden, Jr. House and Otto H. Kahn House",United States
Central Saint Martins,London,United Kingdom
Haberdashers' Aske's School for Girls,Elstree,United Kingdom
Central Saint Martins,London,United Kingdom
University of Central Lancashire,Preston,United Kingdom
University of Chicago,Chicago,United States
School of the Art Institute of Chicago,Chicago,United States
Juilliard School,Manhattan,United States
Ravensbourne University London,London,United Kingdom
School of the Art Institute of Chicago,Chicago,United States
Central Saint Martins,London,United Kingdom
Rhode Island School of Design,Providence,United States
The New School,Greenwich Village,United States
Rutgers Preparatory School,Somerset,United States
Central Saint Martins,London,United Kingdom
Central Saint Martins,London,United Kingdom
Rhode Island School of Design,Providence,United States
University of Central Lancashire,Preston,United Kingdom
Emily Carr University of Art and Design,Great Northern Way Campus,Canada
Central Saint Martins,London,United Kingdom
IFM Paris,Cité de la mode et du design,France
Kingston University,Kingston upon Thames,United Kingdom
Withington Girls' School,Fallowfield,United Kingdom
Central Saint Martins,London,United Kingdom
Heathfield School,Ascot,United Kingdom
Queen's Gate School,London,United Kingdom
Central Saint Martins,London,United Kingdom
Royal College of Art,London,United Kingdom
Royal College of Art,Battersea,United Kingdom
Royal College of Art,South Kensington,United Kingdom
London School of Economics and Political Science,London,United Kingdom
University of the Arts London,London,United Kingdom
Royal College of Art,London,United Kingdom
Royal College of Art,Battersea,United Kingdom
Royal College of Art,South Kensington,United Kingdom
Manchester Metropolitan University,Manchester,United Kingdom
Glasgow School of Art,Glasgow,United Kingdom
Central Saint Martins,London,United Kingdom
Konstfack,Gärdet,Sweden
Konstfack,Stockholm,Sweden
Konstfack,Midsommarkransen,Sweden
New College,Oxford,United Kingdom
Edinburgh Academy,Edinburgh,United Kingdom
Barnard Castle School,Barnard Castle,United Kingdom
University of Leeds,University of Leeds Campus,United Kingdom
Francis Holland School,London,United Kingdom
Mander Portman Woodward,Cambridge,United Kingdom
Marlborough College,Marlborough,United Kingdom
Kent Street Senior High School,Kensington,Australia
Central Saint Martins,London,United Kingdom
Central Saint Martins,London,United Kingdom
Central Saint Martins,London,United Kingdom
University of Belgrade,Belgrade,Serbia
Konstfack,Gärdet,Sweden
Konstfack,Stockholm,Sweden
Konstfack,Midsommarkransen,Sweden
Lagos State University,Epe,Nigeria
University of Westminster,London,United Kingdom
"Swanlea School, Business and Enterprise College",Whitechapel,United Kingdom
Rhode Island School of Design,Providence,United States
Queen Mary University of London,London,United Kingdom
Stephen Perse Foundation,Cambridge,United Kingdom
Central Saint Martins,London,United Kingdom
Fine Arts College,Belsize Park,United Kingdom
Northumbria University,Newcastle upon Tyne,United Kingdom
Central Saint Martins,London,United Kingdom
"University of California, Los Angeles",Los Angeles,United States
George Washington University,Foxhall,United States
George Washington University,Foggy Bottom,United States
University of California,Santa Barbara,United States
University of California,Oakland,United States
University of Nottingham,Nottingham,United Kingdom
Central Saint Martins,London,United Kingdom
Central Saint Martins,London,United Kingdom
Royal College of Art,London,United Kingdom
Royal College of Art,Battersea,United Kingdom
Royal College of Art,South Kensington,United Kingdom
Central Saint Martins,London,United Kingdom
University of Chicago,Chicago,United States
Rhode Island School of Design,Providence,United States
University of the Arts London,London,United Kingdom
University of Applied Arts Vienna,Vienna,Austria
Lycée Carnot,Q125894044,France
Royal College of Art,London,United Kingdom
Royal College of Art,Battersea,United Kingdom
Royal College of Art,South Kensington,United Kingdom
Royal College of Art,London,United Kingdom
Royal College of Art,Battersea,United Kingdom
Royal College of Art,South Kensington,United Kingdom
University of Huddersfield,Huddersfield,United Kingdom
Ravensbourne University London,London,United Kingdom
"University of Ghana Primary School, Legon",University of Ghana,Ghana
Georgetown University,Georgetown,United States
Central Saint Martins,London,United Kingdom
Ibero-American University,Mexico City,Mexico
Yaba College of Technology,Lagos State,Nigeria
St Mary's Senior High School,Ablekuma South,Ghana
St. Mary's Secondary School,Charleville,Ireland
Westminster School,London,United Kingdom
The New School,Greenwich Village,United States
Sapienza University of Rome,Gaeta,Italy
Sapienza University of Rome,Guidonia Montecelio,Italy
Sapienza University of Rome,Isernia,Italy
Sapienza University of Rome,Pomezia,Italy
Sapienza University of Rome,Viterbo,Italy
Sapienza University of Rome,Nettuno,Italy
Sapienza University of Rome,Frosinone,Italy
Sapienza University of Rome,Cassino,Italy
Sapienza University of Rome,Cisterna di Latina,Italy
Sapienza University of Rome,Malindi,Italy
Sapienza University of Rome,Buenos Aires,Italy
Sapienza University of Rome,Ariccia,Italy
Sapienza University of Rome,Colleferro,Italy
Sapienza University of Rome,Sora,Italy
Sapienza University of Rome,Civitavecchia,Italy
Sapienza University of Rome,Latina,Italy
Sapienza University of Rome,Bracciano,Italy
Sapienza University of Rome,Terracina,Italy
Sapienza University of Rome,Pozzilli,Italy
Sapienza University of Rome,Rieti,Italy
Newcastle University,Newcastle upon Tyne,United Kingdom
Central Saint Martins,London,United Kingdom
Gerrit Rietveld Academie,Amsterdam-Zuid,Netherlands
De Montfort University,Leicester,United Kingdom
Rhode Island School of Design,Providence,United States
Rochester Grammar School,Rochester,United Kingdom
De Montfort University,Leicester,United Kingdom
Notting Hill and Ealing High School,London,United Kingdom
School of the Art Institute of Chicago,Chicago,United States
Newham College of Further Education,East Ham,United Kingdom
University of Bologna,Imola,Italy
University of Bologna,Buenos Aires,Italy
University of Bologna,Forlì,Italy
University of Bologna,Cesenatico,Italy
University of Bologna,Faenza,Italy
University of Bologna,Cesena,Italy
University of Bologna,Ravenna,Italy
University of Bologna,Fano,Italy
University of Bologna,Rimini,Italy
University of Bologna,Ozzano dell'Emilia,Italy
Central Saint Martins,London,United Kingdom
Royal College of Art,London,United Kingdom
Royal College of Art,Battersea,United Kingdom
Royal College of Art,South Kensington,United Kingdom
University of the Arts London,London,United Kingdom
West University of Timișoara,Timișoara,Romania
Central Saint Martins,London,United Kingdom
Royal College of Art,London,United Kingdom
Royal College of Art,Battersea,United Kingdom
Royal College of Art,South Kensington,United Kingdom
University of Westminster,London,United Kingdom
Royal College of Art,London,United Kingdom
Royal College of Art,Battersea,United Kingdom
Royal College of Art,South Kensington,United Kingdom
Harrow School,Harrow on the Hill,United Kingdom
Cooper Union,Cooper Union Foundation Building,United States
Royal College of Art,London,United Kingdom
Royal College of Art,Battersea,United Kingdom
Royal College of Art,South Kensington,United Kingdom
Royal College of Art,London,United Kingdom
Royal College of Art,Battersea,United Kingdom
Royal College of Art,South Kensington,United Kingdom
Liverpool College of Art,68 Hope Street (Now Part Of Liverpool John Moores University),United Kingdom
Kwame Nkrumah University of Science and Technology,Kumasi,Ghana
Wesley Girls' High School,Central Region,Ghana
St Paul's School,Barnes,United Kingdom
Downe House,Thatcham,United Kingdom
Willem de Kooning Academy,Blaak 10,Netherlands
Central Saint Martins,London,United Kingdom
New York Film Academy,New York City,United States
Royal College of Art,London,United Kingdom
Royal College of Art,Battersea,United Kingdom
Royal College of Art,South Kensington,United Kingdom
Central Saint Martins,London,United Kingdom
Royal College of Art,London,United Kingdom
Royal College of Art,Battersea,United Kingdom
Royal College of Art,South Kensington,United Kingdom
Central Saint Martins,London,United Kingdom
Central Saint Martins,London,United Kingdom
Young V&A,Bethnal Green,United Kingdom
Central University of Venezuela,Caracas,Venezuela
Central University of Venezuela,Caracas,Venezuela
University of Applied Arts Vienna,Vienna,Austria
Central Saint Martins,London,United Kingdom
One Tree Hill College,Penrose,New Zealand
University of Westminster,London,United Kingdom
Ukrainian Academy of Printing,Lviv,Ukraine
Varde Gymnasium,Q122975359,Denmark
Central Saint Martins,London,United Kingdom
University of Manchester,Manchester,United Kingdom
Auchi Polytechnic,Edo State,Nigeria
"The Polytechnic, Ibadan",Ibadan,Nigeria
"The Polytechnic, Ibadan",Oyo State,Nigeria
Lagos State University,Epe,Nigeria
Coventry University,Coventry,United Kingdom
Cornell University,Ithaca,United States
Chechen State University,Grozny,Russia
Chechen State University,Grozny,Soviet Union
The New School,Greenwich Village,United States
Royal College of Art,London,United Kingdom
Royal College of Art,Battersea,United Kingdom
Royal College of Art,South Kensington,United Kingdom
University of Antwerp,Wilrijk,Belgium
University of Bologna,Imola,Italy
University of Bologna,Buenos Aires,Italy
University of Bologna,Forlì,Italy
University of Bologna,Cesenatico,Italy
University of Bologna,Faenza,Italy
University of Bologna,Cesena,Italy
University of Bologna,Ravenna,Italy
University of Bologna,Fano,Italy
University of Bologna,Rimini,Italy
University of Bologna,Ozzano dell'Emilia,Italy
University of Padua,Padua,Italy
Rivne State University of the Humanities,Rivne,Ukraine
University of Guadalajara,Jalisco,Mexico
University of Guadalajara,Guadalajara,Mexico
Gerrit Rietveld Academie,Amsterdam-Zuid,Netherlands
University of East London,London,United Kingdom
K.G. Razumovsky Moscow State University of Technology and Management,Moscow,Russia
K.G. Razumovsky Moscow State University of Technology and Management,Moscow,Soviet Union
Rutlish School,Merton Park,United Kingdom
Central Saint Martins,London,United Kingdom
Rhode Island School of Design,Providence,United States
Rhode Island School of Design,Providence,United States
Manchester Metropolitan University,Manchester,United Kingdom
Ao Tawhiti Unlimited Discovery,Christchurch,New Zealand
Central Saint Martins,London,United Kingdom
American University of Sharjah,Sharjah,United Arab Emirates
University of Kent,Canterbury,United Kingdom
Northwestern University,Evanston,United States
American Academy of Art College,Illinois,United States
American Academy of Art College,Chicago,United States
Napanee District Secondary School,Napanee,Canada
Q1550685,Altstadt (Munich),Germany
Central Saint Martins,London,United Kingdom
Moscow State Institute of Culture,Khimki,Soviet Union
Moscow State Institute of Culture,Khimki,Russia
Kwame Nkrumah University of Science and Technology,Kumasi,Ghana
Central Saint Martins,London,United Kingdom
De La Salle Catholic College Cronulla,Cronulla,Australia
George Washington University,Foxhall,United States
George Washington University,Foggy Bottom,United States
Australian National University,Acton,Australia
Australian National University,Canberra,Australia
Chung-Ang University,South Korea,South Korea
Eton College,Eton,United Kingdom
Hampstead School,Hampstead,United Kingdom
Loreto College,Hulme,United Kingdom
Royal College of Art,London,United Kingdom
Royal College of Art,Battersea,United Kingdom
Royal College of Art,South Kensington,United Kingdom
Camberwell College of Arts,London,United Kingdom
Swindon College,Swindon,United Kingdom
University of Westminster,London,United Kingdom
"University of Nevada, Las Vegas",Paradise,United States
"City, University of London",London,United Kingdom
"Federal Government College, Idoani",Ondo State,Nigeria
European Ceramics Work Center,Koninklijke Verenigde Leder BV,Netherlands
Berkhamsted School,Berkhamsted,United Kingdom
Stonar School,Atworth,United Kingdom
Kings' School,Winchester,United Kingdom
Northumbria University,Newcastle upon Tyne,United Kingdom
Central Saint Martins,London,United Kingdom
Royal College of Art,London,United Kingdom
Royal College of Art,Battersea,United Kingdom
Royal College of Art,South Kensington,United Kingdom
Saint Petersburg State University,Saint Petersburg,Soviet Union
Saint Petersburg State University,Saint Petersburg,Russia
Saint Petersburg State University,Saint Petersburg,Russian Empire
IFM Paris,Cité de la mode et du design,France
Bard College,Annandale-on-Hudson,United States
Bard College,Hudson River Historic District,United States
Paris Nanterre University,Saint-Cloud,France
Paris Nanterre University,Nanterre,France
Paris Nanterre University,Ville-d'Avray,France
"Academy of Fine Arts, Prague",Prague,Czech Republic
University of the Arts London,London,United Kingdom
Gerrit Rietveld Academie,Amsterdam-Zuid,Netherlands
Gerrit Rietveld Academie,Amsterdam-Zuid,Netherlands
University of Applied Arts Vienna,Vienna,Austria
Royal College of Art,London,United Kingdom
Royal College of Art,Battersea,United Kingdom
Royal College of Art,South Kensington,United Kingdom
"University of California, Los Angeles",Los Angeles,United States
Prospect Heights High School,883 Classon Avenue,United States
Central Saint Martins,London,United Kingdom
University of Applied Arts Vienna,Vienna,Austria
University of Roehampton,London,United Kingdom
University of East London,London,United Kingdom
"Goldsmiths, University of London",London,United Kingdom
Gerrit Rietveld Academie,Amsterdam-Zuid,Netherlands
European Ceramics Work Center,Koninklijke Verenigde Leder BV,Netherlands
European Ceramics Work Center,Koninklijke Verenigde Leder BV,Netherlands
European Ceramics Work Center,Koninklijke Verenigde Leder BV,Netherlands
University of the Arts London,London,United Kingdom
Utrecht School of the Arts,Utrecht,Netherlands
Willem de Kooning Academy,Blaak 10,Netherlands
Central Saint Martins,London,United Kingdom
Kyiv National University of Construction and Architecture,Kyiv,Ukraine
University of the Arts London,London,United Kingdom
University of Surrey,Guildford,United Kingdom
Sibelius Upper Secondary School,Kruununhaka,Finland
Belarusian State Academy of Arts,Minsk,Belarus
Belarusian State Academy of Arts,Minsk,Belarus
"ESDI, Escola Superior de Disseny",Acondicionament i Docks Sabadell,Spain
Auchi Polytechnic,Edo State,Nigeria
Ibero-American University,Mexico City,Mexico
Dilworth School,Remuera,New Zealand
Dilworth School,Auckland,New Zealand
Cornell University,Ithaca,United States
Academy of Fine Arts of Rome,Rome,Italy
Art Center College of Design,United States,United States
Art Center College of Design,Pasadena,United States
Utrecht School of the Arts,Utrecht,Netherlands
Gerrit Rietveld Academie,Amsterdam-Zuid,Netherlands
Willem de Kooning Academy,Blaak 10,Netherlands
Weißensee Academy of Art Berlin,Weißensee,Germany
HTW Berlin,Karlshorst,Germany
HTW Berlin,Oberschöneweide,Germany
Willem de Kooning Academy,Blaak 10,Netherlands
Gerrit Rietveld Academie,Amsterdam-Zuid,Netherlands
University of Calabar,Cross River State,Nigeria
University of the Arts London,London,United Kingdom
Lagos State University,Epe,Nigeria
University of Applied Arts Vienna,Vienna,Austria
Utrecht School of the Arts,Utrecht,Netherlands
European Ceramics Work Center,Koninklijke Verenigde Leder BV,Netherlands